{"cameraMode":{"drawMode":0,"name":"Shaded","section":"Shading Mode"},"sceneLighting":true,"audioPlay":false,"sceneViewState":{"m_AlwaysRefresh":false,"showFog":true,"showSkybox":true,"showFlares":true,"showImageEffects":true,"showParticleSystems":true,"showVisualEffectGraphs":true,"m_FxEnabled":true},"in2DMode":false,"pivot":{"x":-73.1219482421875,"y":-23.40840721130371,"z":146.92108154296876},"rotation":{"x":-0.18415527045726777,"y":-0.04510033503174782,"z":0.008459232747554779,"w":-0.9818264245986939},"size":139.42361450195313,"orthographic":false}