{"cameraMode":{"drawMode":0,"name":"Shaded","section":"Shading Mode"},"sceneLighting":true,"audioPlay":false,"sceneViewState":{"m_AlwaysRefresh":false,"showFog":true,"showSkybox":true,"showFlares":true,"showImageEffects":true,"showParticleSystems":true,"showVisualEffectGraphs":true,"m_FxEnabled":true},"in2DMode":false,"pivot":{"x":7.358586311340332,"y":-7.379739761352539,"z":145.7699737548828},"rotation":{"x":-0.18415527045726777,"y":-0.04510033503174782,"z":0.008459232747554779,"w":-0.9818264245986939},"size":112.67988586425781,"orthographic":false}